DATE (MM/DD/YYYY),MST,Avg Wind Speed @ 80m [m/s],Avg Wind Speed (std dev) @ 80m [m/s]
3/31/2026,00:00,9.25,0.519
3/31/2026,00:01,8.59,0.848
3/31/2026,00:02,8.59,0.299
3/31/2026,00:03,8.13,0.448
3/31/2026,00:04,8.65,0.341
3/31/2026,00:05,8.18,0.558
3/31/2026,00:06,8.53,0.534
3/31/2026,00:07,9.06,0.609
3/31/2026,00:08,10.01,0.827
3/31/2026,00:09,9.58,0.573
3/31/2026,00:10,9.68,0.606
3/31/2026,00:11,9.69,0.565
3/31/2026,00:12,11.41,0.855
3/31/2026,00:13,11.42,0.725
3/31/2026,00:14,11.2,0.853
3/31/2026,00:15,9.47,0.744
3/31/2026,00:16,9.92,0.922
3/31/2026,00:17,8.91,0.874
3/31/2026,00:18,8.98,1.303
3/31/2026,00:19,7.966,1.38
3/31/2026,00:20,9.19,1.599
3/31/2026,00:21,10.21,0.741
3/31/2026,00:22,9.33,0.816
3/31/2026,00:23,10.11,0.746
3/31/2026,00:24,9.5,0.735
3/31/2026,00:25,9.2,0.978
3/31/2026,00:26,9.19,0.878
3/31/2026,00:27,8.01,0.779
3/31/2026,00:28,9.19,0.998
3/31/2026,00:29,10.37,1.059
3/31/2026,00:30,10.73,1.009
3/31/2026,00:31,10.42,1.04
3/31/2026,00:32,8.91,1.631
3/31/2026,00:33,7.141,1.132
3/31/2026,00:34,8.44,1.72
3/31/2026,00:35,9.25,1.341
3/31/2026,00:36,10.53,0.886
3/31/2026,00:37,10.47,1.239
3/31/2026,00:38,9.39,0.807
3/31/2026,00:39,6.41,1.035
3/31/2026,00:40,4.874,0.553
3/31/2026,00:41,5.204,1.045
3/31/2026,00:42,4.684,0.687
3/31/2026,00:43,5.211,0.521
3/31/2026,00:44,4.195,0.578
3/31/2026,00:45,4.11,0.549
3/31/2026,00:46,3.992,0.589
3/31/2026,00:47,3.924,0.279
3/31/2026,00:48,4.186,0.754
3/31/2026,00:49,6.778,0.596
3/31/2026,00:50,6.516,0.639
3/31/2026,00:51,4.939,0.844
3/31/2026,00:52,4.803,0.772
3/31/2026,00:53,6.126,0.287
3/31/2026,00:54,5.408,0.438
3/31/2026,00:55,4.081,0.48
3/31/2026,00:56,5.072,0.648
3/31/2026,00:57,5.461,0.568
3/31/2026,00:58,5.811,0.692
3/31/2026,00:59,5.305,0.314
3/31/2026,01:00,4.458,0.492
3/31/2026,01:01,5.499,0.694
3/31/2026,01:02,5.206,0.709
3/31/2026,01:03,4.922,0.568
3/31/2026,01:04,5.901,0.622
3/31/2026,01:05,4.937,0.3
3/31/2026,01:06,5.433,0.44
3/31/2026,01:07,5.806,0.504
3/31/2026,01:08,5.006,0.45
3/31/2026,01:09,4.903,0.684
3/31/2026,01:10,4.862,0.41
3/31/2026,01:11,4.83,0.348
3/31/2026,01:12,4.824,0.391
3/31/2026,01:13,3.419,0.628
3/31/2026,01:14,3.742,0.503
3/31/2026,01:15,3.166,0.293
3/31/2026,01:16,3.098,0.415
3/31/2026,01:17,2.004,0.361
3/31/2026,01:18,2.03,0.262
3/31/2026,01:19,1.565,0.272
3/31/2026,01:20,1.408,0.19
3/31/2026,01:21,1.504,0.29
3/31/2026,01:22,1.013,0.297
3/31/2026,01:23,1.199,0.185
3/31/2026,01:24,1.77,0.517
3/31/2026,01:25,0.867,0.227
3/31/2026,01:26,2.109,0.341
3/31/2026,01:27,1.054,0.18
3/31/2026,01:28,0.977,0.501
3/31/2026,01:29,1.101,0.134
3/31/2026,01:30,1.38,0.544
3/31/2026,01:31,1.83,0.756
3/31/2026,01:32,1.307,0.625
3/31/2026,01:33,1.762,0.107
3/31/2026,01:34,1.105,0.471
3/31/2026,01:35,0.884,0.416
3/31/2026,01:36,1.206,0.358
3/31/2026,01:37,1.81,0.12
3/31/2026,01:38,2.133,0.146
3/31/2026,01:39,2.288,0.262
3/31/2026,01:40,2.301,0.477
3/31/2026,01:41,2.288,0.112
3/31/2026,01:42,1.938,0.115
3/31/2026,01:43,2.052,0.174
3/31/2026,01:44,2.065,0.108
3/31/2026,01:45,1.391,0.216
3/31/2026,01:46,1.495,0.237
3/31/2026,01:47,1.978,0.162
3/31/2026,01:48,1.512,0.237
3/31/2026,01:49,1.52,0.09
3/31/2026,01:50,1.389,0.126
3/31/2026,01:51,1.424,0.156
3/31/2026,01:52,1.533,0.172
3/31/2026,01:53,1.362,0.15
3/31/2026,01:54,1.175,0.139
3/31/2026,01:55,1.379,0.414
3/31/2026,01:56,2.537,0.269
3/31/2026,01:57,2.682,0.106
3/31/2026,01:58,2.637,0.182
3/31/2026,01:59,2.325,0.146
3/31/2026,02:00,2.597,0.254
3/31/2026,02:01,2.106,0.321
3/31/2026,02:02,2.016,0.282
3/31/2026,02:03,1.55,0.462
3/31/2026,02:04,4.875,0.416
3/31/2026,02:05,4.508,0.394
3/31/2026,02:06,5.006,0.179
3/31/2026,02:07,5.037,0.29
3/31/2026,02:08,4.822,0.298
3/31/2026,02:09,4.386,0.173
3/31/2026,02:10,3.979,0.109
3/31/2026,02:11,3.949,0.12
3/31/2026,02:12,3.737,0.088
3/31/2026,02:13,3.728,0.078
3/31/2026,02:14,3.77,0.173
3/31/2026,02:15,4.052,0.095
3/31/2026,02:16,4.367,0.1
3/31/2026,02:17,3.872,0.168
3/31/2026,02:18,4.076,0.338
3/31/2026,02:19,4.824,0.071
3/31/2026,02:20,5.072,0.277
3/31/2026,02:21,5.228,0.089
3/31/2026,02:22,4.881,0.16
3/31/2026,02:23,4.832,0.099
3/31/2026,02:24,4.4,0.169
3/31/2026,02:25,4.112,0.154
3/31/2026,02:26,4.016,0.124
3/31/2026,02:27,4.063,0.085
3/31/2026,02:28,4.256,0.133
3/31/2026,02:29,3.92,0.527
3/31/2026,02:30,2.997,0.125
3/31/2026,02:31,3.184,0.113
3/31/2026,02:32,3.216,0.464
3/31/2026,02:33,5.139,1.527
3/31/2026,02:34,4.782,0.445
3/31/2026,02:35,5.516,0.713
3/31/2026,02:36,7.272,0.913
3/31/2026,02:37,7.303,0.664
3/31/2026,02:38,11.68,0.891
3/31/2026,02:39,11.7,0.804
3/31/2026,02:40,10.96,0.234
3/31/2026,02:41,10.51,0.341
3/31/2026,02:42,9.66,0.261
3/31/2026,02:43,8.71,0.216
3/31/2026,02:44,8.24,0.341
3/31/2026,02:45,8.1,0.293
3/31/2026,02:46,8.46,0.174
3/31/2026,02:47,8.73,0.186
3/31/2026,02:48,8.98,0.522
3/31/2026,02:49,8.81,0.242
3/31/2026,02:50,9.5,0.431
3/31/2026,02:51,10.33,0.444
3/31/2026,02:52,10.8,0.529
3/31/2026,02:53,11.2,0.45
3/31/2026,02:54,11.14,0.428
3/31/2026,02:55,10.73,0.433
3/31/2026,02:56,10.16,0.555
3/31/2026,02:57,8.88,0.691
3/31/2026,02:58,10.17,0.349
3/31/2026,02:59,9.71,0.548
3/31/2026,03:00,9.42,0.469
3/31/2026,03:01,9.23,0.642
3/31/2026,03:02,9.64,0.414
3/31/2026,03:03,9.57,0.39
3/31/2026,03:04,8.63,0.535
3/31/2026,03:05,8.84,0.354
3/31/2026,03:06,9.18,0.642
3/31/2026,03:07,9.5,0.306
3/31/2026,03:08,8.77,0.388
3/31/2026,03:09,8.44,1.046
3/31/2026,03:10,10.01,0.63
3/31/2026,03:11,10.65,0.237
3/31/2026,03:12,9.98,0.364
3/31/2026,03:13,8.84,0.509
3/31/2026,03:14,7.813,0.437
3/31/2026,03:15,8.13,0.587
3/31/2026,03:16,7.37,0.555
3/31/2026,03:17,7.678,0.484
3/31/2026,03:18,8.21,0.488
3/31/2026,03:19,8.28,0.28
3/31/2026,03:20,8.94,0.412
3/31/2026,03:21,8.86,0.452
3/31/2026,03:22,8.42,0.287
3/31/2026,03:23,7.62,0.485
3/31/2026,03:24,8.58,0.314
3/31/2026,03:25,8.41,0.249
3/31/2026,03:26,8.43,0.284
3/31/2026,03:27,7.855,0.494
3/31/2026,03:28,8.06,0.429
3/31/2026,03:29,8.1,0.308
3/31/2026,03:30,7.446,0.349
3/31/2026,03:31,6.491,0.626
3/31/2026,03:32,6.305,0.874
3/31/2026,03:33,6.691,0.463
3/31/2026,03:34,6.74,0.41
3/31/2026,03:35,7.937,0.373
3/31/2026,03:36,7.724,0.485
3/31/2026,03:37,7.966,0.347
3/31/2026,03:38,8.26,0.199
3/31/2026,03:39,7.808,0.295
3/31/2026,03:40,7.566,0.269
3/31/2026,03:41,6.902,0.323
3/31/2026,03:42,6.357,0.125
3/31/2026,03:43,5.775,0.308
3/31/2026,03:44,5.677,0.175
3/31/2026,03:45,5.435,0.43
3/31/2026,03:46,6.454,0.538
3/31/2026,03:47,6.776,0.423
3/31/2026,03:48,7.219,0.345
3/31/2026,03:49,7.734,0.324
3/31/2026,03:50,7.485,0.264
3/31/2026,03:51,6.974,0.285
3/31/2026,03:52,7.166,0.365
3/31/2026,03:53,7.046,0.35
3/31/2026,03:54,7.412,0.194
3/31/2026,03:55,7.091,0.187
3/31/2026,03:56,6.935,0.212
3/31/2026,03:57,6.88,0.2
3/31/2026,03:58,6.701,0.263
3/31/2026,03:59,6.956,0.259
3/31/2026,04:00,6.988,0.226
3/31/2026,04:01,6.581,0.284
3/31/2026,04:02,6.951,0.183
3/31/2026,04:03,6.479,0.371
3/31/2026,04:04,6.245,0.349
3/31/2026,04:05,6.363,0.395
3/31/2026,04:06,6.233,0.387
3/31/2026,04:07,5.606,0.595
3/31/2026,04:08,5.575,0.337
3/31/2026,04:09,5.74,0.148
3/31/2026,04:10,5.508,0.296
3/31/2026,04:11,5.758,0.625
3/31/2026,04:12,6.289,0.268
3/31/2026,04:13,6.028,0.226
3/31/2026,04:14,5.681,0.221
3/31/2026,04:15,5.68,0.184
3/31/2026,04:16,5.94,0.131
3/31/2026,04:17,6.218,0.154
3/31/2026,04:18,6.231,0.199
3/31/2026,04:19,6.27,0.192
3/31/2026,04:20,6.077,0.188
3/31/2026,04:21,5.821,0.29
3/31/2026,04:22,5.931,0.325
3/31/2026,04:23,5.849,0.268
3/31/2026,04:24,6.295,0.337
3/31/2026,04:25,6.229,0.169
3/31/2026,04:26,6.312,0.188
3/31/2026,04:27,6.556,0.264
3/31/2026,04:28,6.32,0.234
3/31/2026,04:29,6.276,0.195
3/31/2026,04:30,6.252,0.317
3/31/2026,04:31,6.382,0.216
3/31/2026,04:32,6.253,0.232
3/31/2026,04:33,5.933,0.16
3/31/2026,04:34,6.028,0.245
3/31/2026,04:35,5.856,0.238
3/31/2026,04:36,6.119,0.166
3/31/2026,04:37,5.968,0.356
3/31/2026,04:38,6.232,0.202
3/31/2026,04:39,6.589,0.195
3/31/2026,04:40,6.077,0.237
3/31/2026,04:41,6.256,0.226
3/31/2026,04:42,6.796,0.145
3/31/2026,04:43,6.367,0.309
3/31/2026,04:44,5.606,0.292
3/31/2026,04:45,6.106,0.204
3/31/2026,04:46,6.053,0.291
3/31/2026,04:47,6.099,0.159
3/31/2026,04:48,6.488,0.305
3/31/2026,04:49,6.179,0.213
3/31/2026,04:50,6.592,0.186
3/31/2026,04:51,6.633,0.11
3/31/2026,04:52,6.277,0.188
3/31/2026,04:53,6.385,0.234
3/31/2026,04:54,6.265,0.204
3/31/2026,04:55,6.046,0.179
3/31/2026,04:56,5.917,0.084
3/31/2026,04:57,6.115,0.131
3/31/2026,04:58,5.859,0.185
3/31/2026,04:59,5.508,0.106
3/31/2026,05:00,5.457,0.129
3/31/2026,05:01,5.5,0.188
3/31/2026,05:02,5.569,0.263
3/31/2026,05:03,5.496,0.13
3/31/2026,05:04,5.029,0.173
3/31/2026,05:05,4.91,0.169
3/31/2026,05:06,4.778,0.078
3/31/2026,05:07,4.925,0.1
3/31/2026,05:08,4.825,0.203
3/31/2026,05:09,5.107,0.172
3/31/2026,05:10,5.301,0.198
3/31/2026,05:11,5.143,0.243
3/31/2026,05:12,5.389,0.196
3/31/2026,05:13,5.631,0.133
3/31/2026,05:14,5.659,0.226
3/31/2026,05:15,5.652,0.252
3/31/2026,05:16,5.609,0.148
3/31/2026,05:17,5.704,0.117
3/31/2026,05:18,5.901,0.121
3/31/2026,05:19,6.006,0.137
3/31/2026,05:20,5.441,0.277
3/31/2026,05:21,5.366,0.359
3/31/2026,05:22,5.483,0.192
3/31/2026,05:23,5.824,0.177
3/31/2026,05:24,5.045,0.387
3/31/2026,05:25,5.284,0.451
3/31/2026,05:26,4.856,0.366
3/31/2026,05:27,5.247,0.539
3/31/2026,05:28,5.529,0.272
3/31/2026,05:29,4.934,0.289
3/31/2026,05:30,5.438,0.335
3/31/2026,05:31,5.733,0.167
3/31/2026,05:32,5.213,0.289
3/31/2026,05:33,4.865,0.448
3/31/2026,05:34,4.338,0.316
3/31/2026,05:35,4.028,0.409
3/31/2026,05:36,4.137,0.178
3/31/2026,05:37,3.985,0.167
3/31/2026,05:38,4.236,0.201
3/31/2026,05:39,4.164,0.218
3/31/2026,05:40,3.686,0.154
3/31/2026,05:41,4.258,0.282
3/31/2026,05:42,3.884,0.367
3/31/2026,05:43,4.517,0.215
3/31/2026,05:44,4.342,0.264
3/31/2026,05:45,4.746,0.402
3/31/2026,05:46,5.304,0.126
3/31/2026,05:47,5.224,0.116
3/31/2026,05:48,5.214,0.106
3/31/2026,05:49,4.936,0.134
3/31/2026,05:50,4.943,0.079
3/31/2026,05:51,5.007,0.085
3/31/2026,05:52,4.931,0.11
3/31/2026,05:53,4.971,0.076
3/31/2026,05:54,5.167,0.14
3/31/2026,05:55,5.306,0.106
3/31/2026,05:56,5.265,0.07
3/31/2026,05:57,5.209,0.128
3/31/2026,05:58,5.068,0.152
3/31/2026,05:59,5.125,0.142
3/31/2026,06:00,5.012,0.095
3/31/2026,06:01,5.264,0.104
3/31/2026,06:02,5.027,0.094
3/31/2026,06:03,4.809,0.116
3/31/2026,06:04,4.673,0.154
3/31/2026,06:05,4.869,0.168
3/31/2026,06:06,4.97,0.16
3/31/2026,06:07,5.004,0.096
3/31/2026,06:08,5.085,0.108
3/31/2026,06:09,4.969,0.146
3/31/2026,06:10,5.183,0.125
3/31/2026,06:11,5.006,0.12
3/31/2026,06:12,5.301,0.159
3/31/2026,06:13,5.28,0.147
3/31/2026,06:14,5.193,0.081
3/31/2026,06:15,5.224,0.094
3/31/2026,06:16,5.252,0.082
3/31/2026,06:17,4.992,0.167
3/31/2026,06:18,4.788,0.059
3/31/2026,06:19,4.947,0.105
3/31/2026,06:20,4.751,0.072
3/31/2026,06:21,4.63,0.124
3/31/2026,06:22,4.393,0.114
3/31/2026,06:23,4.77,0.145
3/31/2026,06:24,4.815,0.103
3/31/2026,06:25,4.876,0.125
3/31/2026,06:26,4.718,0.054
3/31/2026,06:27,4.707,0.145
3/31/2026,06:28,4.479,0.156
3/31/2026,06:29,4.333,0.125
3/31/2026,06:30,4.147,0.108
3/31/2026,06:31,4.07,0.042
3/31/2026,06:32,3.91,0.142
3/31/2026,06:33,3.684,0.065
3/31/2026,06:34,3.554,0.054
3/31/2026,06:35,3.805,0.14
3/31/2026,06:36,3.983,0.056
3/31/2026,06:37,3.548,0.193
3/31/2026,06:38,3.295,0.061
3/31/2026,06:39,3.214,0.058
3/31/2026,06:40,3.298,0.076
3/31/2026,06:41,3.123,0.094
3/31/2026,06:42,3.022,0.1
3/31/2026,06:43,3.149,0.034
3/31/2026,06:44,3.227,0.153
3/31/2026,06:45,3.146,0.077
3/31/2026,06:46,3.084,0.064
3/31/2026,06:47,2.868,0.057
3/31/2026,06:48,2.952,0.06
3/31/2026,06:49,3.006,0.074
3/31/2026,06:50,3.099,0.079
3/31/2026,06:51,3.11,0.048
3/31/2026,06:52,2.779,0.174
3/31/2026,06:53,2.734,0.165
3/31/2026,06:54,2.859,0.075
3/31/2026,06:55,2.864,0.141
3/31/2026,06:56,3.073,0.144
3/31/2026,06:57,3.231,0.117
3/31/2026,06:58,3.651,0.225
3/31/2026,06:59,3.488,0.134
3/31/2026,07:00,3.493,0.112
3/31/2026,07:01,3.368,0.094
3/31/2026,07:02,3.388,0.174
3/31/2026,07:03,3.484,0.123
3/31/2026,07:04,3.25,0.166
3/31/2026,07:05,2.797,0.332
3/31/2026,07:06,2.403,0.273
3/31/2026,07:07,2.046,0.203
3/31/2026,07:08,2.378,0.137
3/31/2026,07:09,1.782,0.321
3/31/2026,07:10,2.113,0.358
3/31/2026,07:11,2.454,0.388
3/31/2026,07:12,2.241,0.16
3/31/2026,07:13,2.572,0.221
3/31/2026,07:14,2.585,0.196
3/31/2026,07:15,2.163,0.216
3/31/2026,07:16,1.692,0.207
3/31/2026,07:17,1.878,0.464
3/31/2026,07:18,2.521,0.299
3/31/2026,07:19,2.279,0.246
3/31/2026,07:20,1.962,0.144
3/31/2026,07:21,2.44,0.203
3/31/2026,07:22,2.263,0.178
3/31/2026,07:23,2.163,0.247
3/31/2026,07:24,1.806,0.082
3/31/2026,07:25,1.452,0.118
3/31/2026,07:26,2.061,0.207
3/31/2026,07:27,2.014,0.172
3/31/2026,07:28,2.046,0.201
3/31/2026,07:29,1.863,0.118
3/31/2026,07:30,2.66,0.259
3/31/2026,07:31,2.399,0.199
3/31/2026,07:32,2.151,0.286
3/31/2026,07:33,2.594,0.575
3/31/2026,07:34,2.514,0.405
3/31/2026,07:35,2.844,0.137
3/31/2026,07:36,3.427,0.482
3/31/2026,07:37,2.774,0.124
3/31/2026,07:38,2.7,0.207
3/31/2026,07:39,2.825,0.191
3/31/2026,07:40,2.26,0.556
3/31/2026,07:41,3.164,0.366
3/31/2026,07:42,3.331,0.397
3/31/2026,07:43,2.562,0.56
3/31/2026,07:44,2.868,0.226
3/31/2026,07:45,2.733,0.272
3/31/2026,07:46,1.982,0.238
3/31/2026,07:47,1.958,0.222
3/31/2026,07:48,1.659,0.24
3/31/2026,07:49,2.85,0.396
3/31/2026,07:50,1.958,0.522
3/31/2026,07:51,2.014,0.623
3/31/2026,07:52,3.299,0.205
3/31/2026,07:53,3.177,0.34
3/31/2026,07:54,2.827,0.235
3/31/2026,07:55,2.759,0.206
3/31/2026,07:56,2.542,0.261
3/31/2026,07:57,2.209,0.171
3/31/2026,07:58,2.257,0.275
3/31/2026,07:59,2.276,0.311
3/31/2026,08:00,2.343,0.194
3/31/2026,08:01,2.984,0.548
3/31/2026,08:02,2.855,0.353
3/31/2026,08:03,3.161,0.263
3/31/2026,08:04,2.335,0.46
3/31/2026,08:05,2.775,0.375
3/31/2026,08:06,3.034,0.345
3/31/2026,08:07,2.437,0.204
3/31/2026,08:08,2.715,0.298
3/31/2026,08:09,2.462,0.154
3/31/2026,08:10,2.106,0.306
3/31/2026,08:11,2.61,0.459
3/31/2026,08:12,2.373,0.332
3/31/2026,08:13,2.505,0.313
3/31/2026,08:14,2.742,0.53
3/31/2026,08:15,2.797,0.267
3/31/2026,08:16,2.51,0.334
3/31/2026,08:17,2.155,0.361
3/31/2026,08:18,1.853,0.682
3/31/2026,08:19,3.302,0.384
3/31/2026,08:20,2.853,0.409
3/31/2026,08:21,2.198,0.293
3/31/2026,08:22,1.833,0.291
3/31/2026,08:23,1.291,0.201
3/31/2026,08:24,2.555,0.86
3/31/2026,08:25,3.253,0.674
3/31/2026,08:26,3.226,0.342
3/31/2026,08:27,1.963,0.157
3/31/2026,08:28,1.999,0.234
3/31/2026,08:29,2.372,0.296
3/31/2026,08:30,2.109,0.544
3/31/2026,08:31,2.262,0.657
3/31/2026,08:32,2.426,0.853
3/31/2026,08:33,2.018,0.65
3/31/2026,08:34,3.087,0.769
3/31/2026,08:35,2.216,0.257
3/31/2026,08:36,2.59,0.238
3/31/2026,08:37,1.927,0.277
3/31/2026,08:38,1.199,0.346
3/31/2026,08:39,1.324,0.293
3/31/2026,08:40,1.2,0.188
3/31/2026,08:41,0.94,0.235
3/31/2026,08:42,1.102,0.349
3/31/2026,08:43,0.382,0.179
3/31/2026,08:44,0.578,0.34
3/31/2026,08:45,0.564,0.191
3/31/2026,08:46,0.681,0.291
3/31/2026,08:47,1.359,0.657
3/31/2026,08:48,2.934,0.414
3/31/2026,08:49,2.266,0.173
3/31/2026,08:50,2.186,0.262
3/31/2026,08:51,2.365,0.329
3/31/2026,08:52,1.284,0.572
3/31/2026,08:53,0.594,0.166
3/31/2026,08:54,0.262,0.085
3/31/2026,08:55,1.051,0.562
3/31/2026,08:56,1.147,0.513
3/31/2026,08:57,0.915,0.324
3/31/2026,08:58,0.386,0.147
3/31/2026,08:59,1.245,0.266
3/31/2026,09:00,1.976,0.841
3/31/2026,09:01,2.695,0.61
3/31/2026,09:02,1.828,0.391
3/31/2026,09:03,2.671,0.547
3/31/2026,09:04,2.423,0.358
3/31/2026,09:05,1.541,0.441
3/31/2026,09:06,1.394,0.259
3/31/2026,09:07,1.119,0.116
3/31/2026,09:08,1.175,0.188
3/31/2026,09:09,1.147,0.41
3/31/2026,09:10,2.454,1.152
3/31/2026,09:11,1.678,0.367
3/31/2026,09:12,2.448,0.303
3/31/2026,09:13,1.737,0.365
3/31/2026,09:14,2.912,0.458
3/31/2026,09:15,2.808,0.675
3/31/2026,09:16,3.526,0.426
3/31/2026,09:17,2.65,0.741
3/31/2026,09:18,1.631,0.146
3/31/2026,09:19,1.082,0.173
3/31/2026,09:20,1.071,0.165
3/31/2026,09:21,0.912,0.65
3/31/2026,09:22,2.478,0.647
3/31/2026,09:23,1.85,0.62
3/31/2026,09:24,1.688,0.601
3/31/2026,09:25,1.86,0.243
3/31/2026,09:26,1.883,0.381
3/31/2026,09:27,1.551,0.178
3/31/2026,09:28,1.508,0.182
3/31/2026,09:29,1.293,0.225
3/31/2026,09:30,1.191,0.486
3/31/2026,09:31,1.381,0.282
3/31/2026,09:32,1.156,0.285
3/31/2026,09:33,1.339,0.408
3/31/2026,09:34,1.607,0.415
3/31/2026,09:35,2.002,0.403
3/31/2026,09:36,2.235,0.698
3/31/2026,09:37,2.774,0.939
3/31/2026,09:38,2.395,0.841
3/31/2026,09:39,1.825,0.665
3/31/2026,09:40,2.29,0.225
3/31/2026,09:41,2.171,0.219
3/31/2026,09:42,1.982,0.242
3/31/2026,09:43,1.031,0.262
3/31/2026,09:44,1.426,0.432
3/31/2026,09:45,0.714,0.349
3/31/2026,09:46,0.8,0.34
3/31/2026,09:47,1.88,0.605
3/31/2026,09:48,2.847,0.308
3/31/2026,09:49,2.085,0.276
3/31/2026,09:50,1.236,0.211
3/31/2026,09:51,1.43,0.197
3/31/2026,09:52,2.419,0.512
3/31/2026,09:53,2.803,0.509
3/31/2026,09:54,1.85,0.922
3/31/2026,09:55,3.112,1.438
3/31/2026,09:56,3.625,0.49
3/31/2026,09:57,3.653,0.442
3/31/2026,09:58,2.738,0.329
3/31/2026,09:59,2.872,0.595
3/31/2026,10:00,3.79,0.553
3/31/2026,10:01,4.041,0.758
3/31/2026,10:02,3.987,0.422
3/31/2026,10:03,3.229,0.475
3/31/2026,10:04,2.811,0.218
3/31/2026,10:05,2.776,0.173
3/31/2026,10:06,2.938,0.34
3/31/2026,10:07,3.7,0.398
3/31/2026,10:08,2.855,0.429
3/31/2026,10:09,3.174,0.922
3/31/2026,10:10,3.231,0.48
3/31/2026,10:11,3.542,0.228
3/31/2026,10:12,2.657,0.801
3/31/2026,10:13,3.202,0.251
3/31/2026,10:14,2.46,0.281
3/31/2026,10:15,2.046,0.143
3/31/2026,10:16,2.092,0.36
3/31/2026,10:17,2.595,0.914
3/31/2026,10:18,1.841,0.362
3/31/2026,10:19,1.884,0.225
3/31/2026,10:20,2.295,0.187
3/31/2026,10:21,2.046,0.279
3/31/2026,10:22,1.572,0.364
3/31/2026,10:23,2.169,1.04
3/31/2026,10:24,2.983,0.314
3/31/2026,10:25,2.153,0.701
3/31/2026,10:26,1.405,0.585
3/31/2026,10:27,1.809,0.331
3/31/2026,10:28,1.783,0.659
3/31/2026,10:29,2.317,0.568
3/31/2026,10:30,2.021,0.316
3/31/2026,10:31,1.747,0.291
3/31/2026,10:32,1.716,0.28
3/31/2026,10:33,2.053,0.293
3/31/2026,10:34,1.896,0.394
3/31/2026,10:35,1.46,0.569
3/31/2026,10:36,1.621,0.629
3/31/2026,10:37,2.904,0.704
3/31/2026,10:38,2.236,0.436
3/31/2026,10:39,1.767,0.289
3/31/2026,10:40,1.541,0.283
3/31/2026,10:41,1.918,0.427
3/31/2026,10:42,1.252,0.182
3/31/2026,10:43,1.91,0.531
3/31/2026,10:44,2.508,0.647
3/31/2026,10:45,2.864,1.035
3/31/2026,10:46,3.96,0.968
3/31/2026,10:47,3.666,0.699
3/31/2026,10:48,2.773,0.61
3/31/2026,10:49,2.334,0.51
3/31/2026,10:50,2.553,0.493
3/31/2026,10:51,2.278,0.345
3/31/2026,10:52,3.393,0.583
3/31/2026,10:53,2.543,0.511
3/31/2026,10:54,2.485,0.408
3/31/2026,10:55,1.892,0.432
3/31/2026,10:56,1.834,0.455
3/31/2026,10:57,2.204,0.47
3/31/2026,10:58,2.323,0.65
3/31/2026,10:59,1.604,0.431
3/31/2026,11:00,2.441,0.522
3/31/2026,11:01,2.016,1.004
3/31/2026,11:02,4.004,0.51
3/31/2026,11:03,4.671,0.44
3/31/2026,11:04,4.109,0.271
3/31/2026,11:05,2.727,0.352
3/31/2026,11:06,3.197,0.741
3/31/2026,11:07,3.099,0.642
3/31/2026,11:08,2.746,0.626
3/31/2026,11:09,2.951,0.807
3/31/2026,11:10,1.656,0.491
3/31/2026,11:11,2.45,0.236
3/31/2026,11:12,3.628,0.996
3/31/2026,11:13,3.955,0.577
3/31/2026,11:14,3.811,0.922
3/31/2026,11:15,2.043,0.764
3/31/2026,11:16,2.217,0.793
3/31/2026,11:17,2.77,0.824
3/31/2026,11:18,4.399,0.405
3/31/2026,11:19,3.159,0.504
3/31/2026,11:20,3.227,0.978
3/31/2026,11:21,3.651,0.503
3/31/2026,11:22,4.066,0.644
3/31/2026,11:23,3.946,0.505
3/31/2026,11:24,3.276,0.366
3/31/2026,11:25,2.486,0.82
3/31/2026,11:26,2.377,0.875
3/31/2026,11:27,3.814,0.369
3/31/2026,11:28,2.811,0.869
3/31/2026,11:29,2.069,0.484
3/31/2026,11:30,3.416,0.769
3/31/2026,11:31,4.209,0.476
3/31/2026,11:32,3.887,0.998
3/31/2026,11:33,3.061,0.621
3/31/2026,11:34,2.828,0.499
3/31/2026,11:35,3.215,0.812
3/31/2026,11:36,2.392,0.767
3/31/2026,11:37,2.397,0.587
3/31/2026,11:38,2.515,0.345
3/31/2026,11:39,3.823,1.555
3/31/2026,11:40,4.446,0.639
3/31/2026,11:41,3.687,0.43
3/31/2026,11:42,3.686,0.593
3/31/2026,11:43,3.454,0.382
3/31/2026,11:44,3.839,0.523
3/31/2026,11:45,4.193,0.522
3/31/2026,11:46,3.412,0.411
3/31/2026,11:47,2.916,0.368
3/31/2026,11:48,2.923,0.441
3/31/2026,11:49,2.374,0.605
3/31/2026,11:50,2.972,1.377
3/31/2026,11:51,4.469,0.417
3/31/2026,11:52,5.103,0.374
3/31/2026,11:53,4.917,0.435
3/31/2026,11:54,3.594,0.514
3/31/2026,11:55,2.681,0.698
3/31/2026,11:56,2.952,0.747
3/31/2026,11:57,3.74,1.458
3/31/2026,11:58,5.351,0.573
3/31/2026,11:59,4.359,0.555
3/31/2026,12:00,4.661,0.786
3/31/2026,12:01,3.998,0.498
3/31/2026,12:02,3.24,0.632
3/31/2026,12:03,2.298,0.277
3/31/2026,12:04,3.612,0.682
3/31/2026,12:05,3.728,0.499
3/31/2026,12:06,3.373,0.825
3/31/2026,12:07,2.395,0.804
3/31/2026,12:08,2.873,0.68
3/31/2026,12:09,3.785,0.545
3/31/2026,12:10,4.96,0.499
3/31/2026,12:11,4.046,1.025
3/31/2026,12:12,4.9,0.307
3/31/2026,12:13,4.637,0.307
3/31/2026,12:14,4.721,0.349
3/31/2026,12:15,4.012,0.473
3/31/2026,12:16,3.591,0.305
3/31/2026,12:17,3.424,0.519
3/31/2026,12:18,3.523,0.477
3/31/2026,12:19,2.773,0.523
3/31/2026,12:20,3.058,0.278
3/31/2026,12:21,4.209,0.381
3/31/2026,12:22,3.879,0.697
3/31/2026,12:23,4.458,0.431
3/31/2026,12:24,3.528,0.294
3/31/2026,12:25,3.021,0.336
3/31/2026,12:26,3.632,0.47
3/31/2026,12:27,4.044,0.42
3/31/2026,12:28,4.257,0.237
3/31/2026,12:29,4.428,0.242
3/31/2026,12:30,4.381,0.272
3/31/2026,12:31,4.113,0.426
3/31/2026,12:32,4.826,0.384
3/31/2026,12:33,3.245,0.688
3/31/2026,12:34,2.932,0.982
3/31/2026,12:35,3.453,0.49
3/31/2026,12:36,4.188,0.615
3/31/2026,12:37,3.711,0.696
3/31/2026,12:38,4.64,0.456
3/31/2026,12:39,4.999,0.435
3/31/2026,12:40,3.967,0.486
3/31/2026,12:41,3.592,0.359
3/31/2026,12:42,3.968,0.193
3/31/2026,12:43,2.863,0.343
3/31/2026,12:44,3.359,0.36
3/31/2026,12:45,4.251,0.641
3/31/2026,12:46,4.047,0.56
3/31/2026,12:47,3.626,0.914
3/31/2026,12:48,4.404,0.304
3/31/2026,12:49,3.969,0.48
3/31/2026,12:50,3.218,0.135
3/31/2026,12:51,2.899,0.153
3/31/2026,12:52,3.207,0.213
3/31/2026,12:53,3.652,0.722
3/31/2026,12:54,4.137,0.345
3/31/2026,12:55,4.373,0.363
3/31/2026,12:56,4.967,0.475
3/31/2026,12:57,4.988,0.325
3/31/2026,12:58,4.891,0.816
3/31/2026,12:59,4.379,0.542
3/31/2026,13:00,3.387,0.322
3/31/2026,13:01,3.219,0.345
3/31/2026,13:02,3.601,0.277
3/31/2026,13:03,3.148,0.543
3/31/2026,13:04,3.188,0.61
3/31/2026,13:05,2.238,0.515
3/31/2026,13:06,2.719,0.68
3/31/2026,13:07,4.794,0.923
3/31/2026,13:08,4.384,0.641
3/31/2026,13:09,5.192,0.329
3/31/2026,13:10,4.455,0.63
3/31/2026,13:11,3.687,0.524
3/31/2026,13:12,4.327,0.627
3/31/2026,13:13,3.128,0.378
3/31/2026,13:14,2.337,0.353
3/31/2026,13:15,1.993,0.516
3/31/2026,13:16,3.721,0.671
3/31/2026,13:17,5.059,0.374
3/31/2026,13:18,4.86,0.401
3/31/2026,13:19,3.342,0.831
3/31/2026,13:20,3.869,0.842
3/31/2026,13:21,5.004,1.007
3/31/2026,13:22,4.17,0.468
3/31/2026,13:23,3.33,0.293
3/31/2026,13:24,3.906,0.37
3/31/2026,13:25,3.567,0.341
3/31/2026,13:26,4.259,0.45
3/31/2026,13:27,3.085,1.108
3/31/2026,13:28,2.55,0.437
3/31/2026,13:29,3.809,0.579
3/31/2026,13:30,4.226,0.992
3/31/2026,13:31,4.201,0.571
3/31/2026,13:32,4.233,0.391
3/31/2026,13:33,3.598,0.803
3/31/2026,13:34,3.656,0.485
3/31/2026,13:35,4.539,0.67
3/31/2026,13:36,3.89,0.61
3/31/2026,13:37,3.293,0.361
3/31/2026,13:38,4.563,0.637
3/31/2026,13:39,5.186,0.492
3/31/2026,13:40,3.91,1.173
3/31/2026,13:41,3.923,1.317
3/31/2026,13:42,4.625,0.352
3/31/2026,13:43,3.415,0.469
3/31/2026,13:44,4.161,0.335
3/31/2026,13:45,4.158,0.336
3/31/2026,13:46,4.727,0.277
3/31/2026,13:47,4.185,0.281
3/31/2026,13:48,4.329,0.38
3/31/2026,13:49,3.977,0.417
3/31/2026,13:50,4.401,0.416
3/31/2026,13:51,5.014,0.587
3/31/2026,13:52,4.683,0.56
3/31/2026,13:53,3.19,0.496
3/31/2026,13:54,2.281,0.491
3/31/2026,13:55,2.161,0.409
3/31/2026,13:56,2.611,0.439
3/31/2026,13:57,3.589,0.765
3/31/2026,13:58,4.558,0.686
3/31/2026,13:59,3.675,0.404
3/31/2026,14:00,3.457,0.989
3/31/2026,14:01,3.298,0.963
3/31/2026,14:02,2.859,0.631
3/31/2026,14:03,2.155,0.453
3/31/2026,14:04,3.277,0.562
3/31/2026,14:05,3.621,0.817
3/31/2026,14:06,2.646,0.56
3/31/2026,14:07,2.257,0.41
3/31/2026,14:08,1.898,0.433
3/31/2026,14:09,3.873,0.837
3/31/2026,14:10,2.864,0.635
3/31/2026,14:11,4.296,0.383
3/31/2026,14:12,3.659,0.615
3/31/2026,14:13,3.935,0.235
3/31/2026,14:14,4.104,0.313
3/31/2026,14:15,3.879,0.297
3/31/2026,14:16,3.289,0.392
3/31/2026,14:17,3.544,0.33
3/31/2026,14:18,3.128,0.573
3/31/2026,14:19,2.665,0.239
3/31/2026,14:20,2.341,0.365
3/31/2026,14:21,2.643,0.633
3/31/2026,14:22,1.657,0.527
3/31/2026,14:23,1.611,0.624
3/31/2026,14:24,2.641,0.551
3/31/2026,14:25,3.557,0.83
3/31/2026,14:26,2.764,0.512
3/31/2026,14:27,3.333,0.274
3/31/2026,14:28,3.031,0.286
3/31/2026,14:29,2.031,0.285
3/31/2026,14:30,2.829,0.399
3/31/2026,14:31,2.051,0.521
3/31/2026,14:32,1.094,0.343
3/31/2026,14:33,1.487,0.369
3/31/2026,14:34,2.728,0.897
3/31/2026,14:35,2.745,0.435
3/31/2026,14:36,1.937,0.506
3/31/2026,14:37,1.764,0.614
3/31/2026,14:38,1.85,0.664
3/31/2026,14:39,1.172,0.137
3/31/2026,14:40,1.542,0.254
3/31/2026,14:41,1.85,0.41
3/31/2026,14:42,2.529,0.581
3/31/2026,14:43,2.54,0.509
3/31/2026,14:44,2.782,0.591
3/31/2026,14:45,1.586,0.352
3/31/2026,14:46,1.954,0.339
3/31/2026,14:47,2.148,0.285
3/31/2026,14:48,1.535,0.186
3/31/2026,14:49,1.494,0.18
3/31/2026,14:50,1.698,0.53
3/31/2026,14:51,2.174,0.452
3/31/2026,14:52,2.727,0.475
3/31/2026,14:53,2.054,0.506
3/31/2026,14:54,1.748,0.396
3/31/2026,14:55,1.828,0.316
3/31/2026,14:56,2.698,0.649
3/31/2026,14:57,2.838,0.609
3/31/2026,14:58,2.419,0.459
3/31/2026,14:59,2.032,0.274
3/31/2026,15:00,2.536,0.334
3/31/2026,15:01,2.07,0.477
3/31/2026,15:02,1.443,0.369
3/31/2026,15:03,0.793,0.248
3/31/2026,15:04,1.122,0.257
3/31/2026,15:05,1.546,0.242
3/31/2026,15:06,1.427,0.193
3/31/2026,15:07,1.21,0.194
3/31/2026,15:08,1.656,0.348
3/31/2026,15:09,1.708,0.426
3/31/2026,15:10,1.976,0.258
3/31/2026,15:11,1.232,0.153
3/31/2026,15:12,0.561,0.151
3/31/2026,15:13,0.62,0.76
3/31/2026,15:14,2.081,0.358
3/31/2026,15:15,1.993,0.186
3/31/2026,15:16,1.863,0.238
3/31/2026,15:17,1.773,0.211
3/31/2026,15:18,0.968,0.222
3/31/2026,15:19,1.231,0.34
3/31/2026,15:20,1.172,0.137
3/31/2026,15:21,1.597,0.523
3/31/2026,15:22,1.216,0.345
3/31/2026,15:23,1.237,0.149
3/31/2026,15:24,0.989,0.258
3/31/2026,15:25,0.258,0.128
3/31/2026,15:26,0.364,0.125
3/31/2026,15:27,0.631,0.16
3/31/2026,15:28,0.648,0.304
3/31/2026,15:29,0.887,0.174
3/31/2026,15:30,0.899,0.082
3/31/2026,15:31,0.789,0.196
3/31/2026,15:32,0.571,0.117
3/31/2026,15:33,0.627,0.087
3/31/2026,15:34,0.629,0.146
3/31/2026,15:35,1.207,0.143
3/31/2026,15:36,1.962,0.338
3/31/2026,15:37,2.139,0.2
3/31/2026,15:38,2.732,0.275
3/31/2026,15:39,2.233,0.402
3/31/2026,15:40,2.546,0.449
3/31/2026,15:41,2.289,0.287
3/31/2026,15:42,1.877,0.113
3/31/2026,15:43,2.496,0.187
3/31/2026,15:44,1.992,0.148
3/31/2026,15:45,2.03,0.303
3/31/2026,15:46,2.429,0.294
3/31/2026,15:47,1.864,0.399
3/31/2026,15:48,2.527,0.316
3/31/2026,15:49,2.048,0.299
3/31/2026,15:50,2.866,0.382
3/31/2026,15:51,2.764,0.527
3/31/2026,15:52,2.778,0.181
3/31/2026,15:53,2.951,0.209
3/31/2026,15:54,2.716,0.22
3/31/2026,15:55,2.01,0.103
3/31/2026,15:56,2.664,0.304
3/31/2026,15:57,2.258,0.246
3/31/2026,15:58,2.301,0.07
3/31/2026,15:59,2.773,0.229
3/31/2026,16:00,2.425,0.217
3/31/2026,16:01,2.281,0.579
3/31/2026,16:02,2.553,0.225
3/31/2026,16:03,2.734,0.248
3/31/2026,16:04,3.004,0.202
3/31/2026,16:05,3.468,0.19
3/31/2026,16:06,3.849,0.185
3/31/2026,16:07,4.483,0.333
3/31/2026,16:08,4.865,0.29
3/31/2026,16:09,4.979,0.226
3/31/2026,16:10,4.35,0.34
3/31/2026,16:11,4.268,0.145
3/31/2026,16:12,4.224,0.208
3/31/2026,16:13,3.638,0.44
3/31/2026,16:14,3.722,0.35
3/31/2026,16:15,3.036,0.214
3/31/2026,16:16,2.38,0.348
3/31/2026,16:17,1.404,0.268
3/31/2026,16:18,1.204,0.236
3/31/2026,16:19,1.469,0.269
3/31/2026,16:20,1.127,0.401
3/31/2026,16:21,0.978,0.179
3/31/2026,16:22,1.33,0.15
3/31/2026,16:23,1.066,0.3
3/31/2026,16:24,1.282,0.169
3/31/2026,16:25,1.105,0.262
3/31/2026,16:26,1.203,0.442
3/31/2026,16:27,1.796,0.276
3/31/2026,16:28,1.439,0.336
3/31/2026,16:29,0.969,0.135
3/31/2026,16:30,1.055,0.29
3/31/2026,16:31,1.283,0.317
3/31/2026,16:32,1.463,0.266
3/31/2026,16:33,1.356,0.303
3/31/2026,16:34,1.575,0.283
3/31/2026,16:35,1.674,0.459
3/31/2026,16:36,1.72,0.427
3/31/2026,16:37,2.218,0.328
3/31/2026,16:38,2.123,0.303
3/31/2026,16:39,2.699,0.447
3/31/2026,16:40,2.526,0.384
3/31/2026,16:41,3.217,0.563
3/31/2026,16:42,3.036,0.504
3/31/2026,16:43,2.816,0.265
3/31/2026,16:44,3.629,0.37
3/31/2026,16:45,2.573,0.415
3/31/2026,16:46,1.933,0.313
3/31/2026,16:47,1.433,0.489
3/31/2026,16:48,1.761,0.414
3/31/2026,16:49,2.001,0.231
3/31/2026,16:50,2.056,0.236
3/31/2026,16:51,2.718,0.514
3/31/2026,16:52,3.023,0.206
3/31/2026,16:53,3.162,0.172
3/31/2026,16:54,3.133,0.161
3/31/2026,16:55,3.119,0.409
3/31/2026,16:56,3.036,0.168
3/31/2026,16:57,3.841,0.257
3/31/2026,16:58,3.994,0.262
3/31/2026,16:59,3.987,0.562
3/31/2026,17:00,3.894,0.408
3/31/2026,17:01,3.628,0.4
3/31/2026,17:02,3.647,0.221
3/31/2026,17:03,3.22,0.243
3/31/2026,17:04,2.983,0.108
3/31/2026,17:05,2.391,0.37
3/31/2026,17:06,2.022,0.308
3/31/2026,17:07,1.768,0.323
3/31/2026,17:08,1.844,0.18
3/31/2026,17:09,1.561,0.23
3/31/2026,17:10,1.159,0.384
3/31/2026,17:11,0.77,0.224
3/31/2026,17:12,1.172,0.198
3/31/2026,17:13,1.125,0.307
3/31/2026,17:14,1.504,0.122
3/31/2026,17:15,1.307,0.229
3/31/2026,17:16,1.035,0.096
3/31/2026,17:17,1.313,0.197
3/31/2026,17:18,1.34,0.164
3/31/2026,17:19,1.701,0.222
3/31/2026,17:20,1.832,0.277
3/31/2026,17:21,2.351,0.172
3/31/2026,17:22,1.931,0.213
3/31/2026,17:23,1.698,0.404
3/31/2026,17:24,1.345,0.275
3/31/2026,17:25,1.14,0.256
3/31/2026,17:26,0.949,0.297
3/31/2026,17:27,1.881,0.23
3/31/2026,17:28,2.613,0.244
3/31/2026,17:29,2.159,0.155
3/31/2026,17:30,2.22,0.179
3/31/2026,17:31,2.355,0.167
3/31/2026,17:32,2.586,0.114
3/31/2026,17:33,2.868,0.243
3/31/2026,17:34,2.436,0.369
3/31/2026,17:35,2.477,0.327
3/31/2026,17:36,2.092,0.308
3/31/2026,17:37,1.675,0.3
3/31/2026,17:38,0.847,0.277
3/31/2026,17:39,1.165,0.28
3/31/2026,17:40,0.877,0.075
3/31/2026,17:41,0.694,0.107
3/31/2026,17:42,0.336,0.108
3/31/2026,17:43,0.502,0.278
3/31/2026,17:44,0.595,0.142
3/31/2026,17:45,0.538,0.207
3/31/2026,17:46,0.795,0.183
3/31/2026,17:47,0.673,0.067
3/31/2026,17:48,0.66,0.127
3/31/2026,17:49,0.407,0.107
3/31/2026,17:50,0.808,0.359
3/31/2026,17:51,1.583,0.092
3/31/2026,17:52,1.799,0.043
3/31/2026,17:53,1.849,0.06
3/31/2026,17:54,1.744,0.051
3/31/2026,17:55,1.466,0.079
3/31/2026,17:56,1.12,0.109
3/31/2026,17:57,1.183,0.1
3/31/2026,17:58,1.28,0.03
3/31/2026,17:59,1.167,0.099
3/31/2026,18:00,1.132,0.141
3/31/2026,18:01,2.243,0.49
3/31/2026,18:02,1.834,0.279
3/31/2026,18:03,1.465,0.178
3/31/2026,18:04,1.354,0.106
3/31/2026,18:05,1.419,0.209
3/31/2026,18:06,1.521,0.175
3/31/2026,18:07,1.481,0.143
3/31/2026,18:08,1.267,0.075
3/31/2026,18:09,1.305,0.074
3/31/2026,18:10,1.28,0.092
3/31/2026,18:11,1.282,0.101
3/31/2026,18:12,1.277,0.197
3/31/2026,18:13,1.364,0.127
3/31/2026,18:14,1.632,0.065
3/31/2026,18:15,1.513,0.113
3/31/2026,18:16,1.579,0.087
3/31/2026,18:17,1.512,0.154
3/31/2026,18:18,1.546,0.125
3/31/2026,18:19,1.519,0.031
3/31/2026,18:20,1.225,0.236
3/31/2026,18:21,1.171,0.044
3/31/2026,18:22,1.106,0.038
3/31/2026,18:23,1.017,0.026
3/31/2026,18:24,1,0.026
3/31/2026,18:25,1.043,0.04
3/31/2026,18:26,1.048,0.04
3/31/2026,18:27,0.947,0.059
3/31/2026,18:28,0.73,0.047
3/31/2026,18:29,0.643,0.043
3/31/2026,18:30,0.797,0.03
3/31/2026,18:31,0.509,0.115
3/31/2026,18:32,0.559,0.098
3/31/2026,18:33,0.315,0.089
3/31/2026,18:34,0.332,0.072
3/31/2026,18:35,0.333,0.063
3/31/2026,18:36,0.18,0.046
3/31/2026,18:37,0.154,0.007
3/31/2026,18:38,0.156,0.009
3/31/2026,18:39,0.153,0.004
3/31/2026,18:40,0.153,0.004
3/31/2026,18:41,0.153,0.004
3/31/2026,18:42,0.153,0.006
3/31/2026,18:43,0.155,0.008
3/31/2026,18:44,0.213,0.055
3/31/2026,18:45,0.259,0.112
3/31/2026,18:46,0.427,0.033
3/31/2026,18:47,0.641,0.109
3/31/2026,18:48,0.855,0.064
3/31/2026,18:49,0.82,0.061
3/31/2026,18:50,0.657,0.043
3/31/2026,18:51,0.541,0.053
3/31/2026,18:52,0.519,0.05
3/31/2026,18:53,0.444,0.046
3/31/2026,18:54,0.378,0.03
3/31/2026,18:55,0.424,0.031
3/31/2026,18:56,0.411,0.042
3/31/2026,18:57,0.468,0.026
3/31/2026,18:58,0.496,0.032
3/31/2026,18:59,0.518,0.026
3/31/2026,19:00,0.544,0.03
3/31/2026,19:01,0.619,0.07
3/31/2026,19:02,0.672,0.073
3/31/2026,19:03,0.936,0.084
3/31/2026,19:04,1.244,0.07
3/31/2026,19:05,1.365,0.046
3/31/2026,19:06,1.565,0.049
3/31/2026,19:07,1.492,0.062
3/31/2026,19:08,1.305,0.061
3/31/2026,19:09,1.139,0.077
3/31/2026,19:10,1.057,0.024
3/31/2026,19:11,1.105,0.025
3/31/2026,19:12,1.093,0.038
3/31/2026,19:13,1.062,0.034
3/31/2026,19:14,1.007,0.056
3/31/2026,19:15,1.055,0.032
3/31/2026,19:16,1.145,0.038
3/31/2026,19:17,1.105,0.032
3/31/2026,19:18,1.04,0.028
3/31/2026,19:19,1.006,0.044
3/31/2026,19:20,0.992,0.019
3/31/2026,19:21,1.015,0.086
3/31/2026,19:22,1.017,0.056
3/31/2026,19:23,0.929,0.054
3/31/2026,19:24,0.881,0.047
3/31/2026,19:25,0.804,0.049
3/31/2026,19:26,0.681,0.075
3/31/2026,19:27,0.41,0.069
3/31/2026,19:28,0.351,0.092
3/31/2026,19:29,0.342,0.061
3/31/2026,19:30,0.391,0.037
3/31/2026,19:31,0.441,0.036
3/31/2026,19:32,0.62,0.053
3/31/2026,19:33,0.806,0.041
3/31/2026,19:34,0.881,0.063
3/31/2026,19:35,0.939,0.052
3/31/2026,19:36,0.781,0.055
3/31/2026,19:37,0.607,0.039
3/31/2026,19:38,0.499,0.038
3/31/2026,19:39,0.399,0.026
3/31/2026,19:40,0.401,0.05
3/31/2026,19:41,0.603,0.05
3/31/2026,19:42,0.729,0.039
3/31/2026,19:43,0.83,0.024
3/31/2026,19:44,0.751,0.044
3/31/2026,19:45,0.606,0.032
3/31/2026,19:46,0.649,0.059
3/31/2026,19:47,0.859,0.067
3/31/2026,19:48,1.088,0.082
3/31/2026,19:49,1.386,0.115
3/31/2026,19:50,1.831,0.115
3/31/2026,19:51,1.779,0.052
3/31/2026,19:52,1.736,0.065
3/31/2026,19:53,1.708,0.039
3/31/2026,19:54,1.537,0.065
3/31/2026,19:55,1.309,0.066
3/31/2026,19:56,1.129,0.054
3/31/2026,19:57,0.801,0.154
3/31/2026,19:58,0.543,0.059
3/31/2026,19:59,0.392,0.085
3/31/2026,20:00,0.462,0.054
3/31/2026,20:01,0.655,0.048
3/31/2026,20:02,0.88,0.052
3/31/2026,20:03,0.827,0.055
3/31/2026,20:04,0.613,0.089
3/31/2026,20:05,0.427,0.056
3/31/2026,20:06,0.182,0.059
3/31/2026,20:07,0.152,0
3/31/2026,20:08,0.394,0.078
3/31/2026,20:09,0.636,0.071
3/31/2026,20:10,0.776,0.08
3/31/2026,20:11,0.908,0.021
3/31/2026,20:12,0.989,0.016
3/31/2026,20:13,0.966,0.023
3/31/2026,20:14,0.89,0.059
3/31/2026,20:15,0.843,0.045
3/31/2026,20:16,0.837,0.03
3/31/2026,20:17,0.863,0.038
3/31/2026,20:18,0.882,0.035
3/31/2026,20:19,0.762,0.039
3/31/2026,20:20,0.738,0.09
3/31/2026,20:21,0.784,0.144
3/31/2026,20:22,0.729,0.05
3/31/2026,20:23,0.63,0.033
3/31/2026,20:24,0.715,0.044
3/31/2026,20:25,0.739,0.051
3/31/2026,20:26,0.789,0.02
3/31/2026,20:27,0.768,0.023
3/31/2026,20:28,0.927,0.059
3/31/2026,20:29,1.151,0.107
3/31/2026,20:30,1.154,0.077
3/31/2026,20:31,0.902,0.032
3/31/2026,20:32,1.084,0.129
3/31/2026,20:33,1.169,0.09
3/31/2026,20:34,0.997,0.05
3/31/2026,20:35,0.952,0.047
3/31/2026,20:36,1.037,0.017
3/31/2026,20:37,1.07,0.018
3/31/2026,20:38,1.096,0.03
3/31/2026,20:39,1.113,0.028
3/31/2026,20:40,1.017,0.026
3/31/2026,20:41,1.154,0.065
3/31/2026,20:42,1.407,0.098
3/31/2026,20:43,1.607,0.028
3/31/2026,20:44,1.696,0.038
3/31/2026,20:45,1.717,0.03
3/31/2026,20:46,1.859,0.071
3/31/2026,20:47,2.031,0.051
3/31/2026,20:48,2.309,0.096
3/31/2026,20:49,2.512,0.077
3/31/2026,20:50,2.733,0.075
3/31/2026,20:51,2.864,0.053
3/31/2026,20:52,2.891,0.06
3/31/2026,20:53,2.827,0.089
3/31/2026,20:54,2.932,0.134
3/31/2026,20:55,3.283,0.14
3/31/2026,20:56,3.762,0.098
3/31/2026,20:57,3.881,0.086
3/31/2026,20:58,3.743,0.145
3/31/2026,20:59,3.694,0.097
3/31/2026,21:00,3.445,0.115
3/31/2026,21:01,3.415,0.042
3/31/2026,21:02,3.927,0.218
3/31/2026,21:03,4.069,0.085
3/31/2026,21:04,3.894,0.085
3/31/2026,21:05,3.794,0.057
3/31/2026,21:06,3.805,0.057
3/31/2026,21:07,3.591,0.076
3/31/2026,21:08,3.518,0.082
3/31/2026,21:09,3.328,0.129
3/31/2026,21:10,3.169,0.096
3/31/2026,21:11,3.125,0.127
3/31/2026,21:12,2.962,0.121
3/31/2026,21:13,2.957,0.123
3/31/2026,21:14,3.138,0.14
3/31/2026,21:15,2.955,0.13
3/31/2026,21:16,3.073,0.104
3/31/2026,21:17,2.738,0.172
3/31/2026,21:18,2.746,0.064
3/31/2026,21:19,2.692,0.034
3/31/2026,21:20,2.873,0.113
3/31/2026,21:21,2.946,0.056
3/31/2026,21:22,3.279,0.088
3/31/2026,21:23,3.421,0.074
3/31/2026,21:24,3.298,0.137
3/31/2026,21:25,3.289,0.128
3/31/2026,21:26,3.029,0.134
3/31/2026,21:27,2.849,0.18
3/31/2026,21:28,2.625,0.118
3/31/2026,21:29,2.509,0.139
3/31/2026,21:30,2.708,0.102
3/31/2026,21:31,2.793,0.101
3/31/2026,21:32,2.858,0.165
3/31/2026,21:33,2.843,0.111
3/31/2026,21:34,2.641,0.113
3/31/2026,21:35,2.896,0.099
3/31/2026,21:36,2.864,0.081
3/31/2026,21:37,3.081,0.095
3/31/2026,21:38,3.234,0.115
3/31/2026,21:39,3.025,0.183
3/31/2026,21:40,3.119,0.144
3/31/2026,21:41,3.012,0.17
3/31/2026,21:42,2.987,0.107
3/31/2026,21:43,2.621,0.166
3/31/2026,21:44,2.752,0.083
3/31/2026,21:45,2.658,0.107
3/31/2026,21:46,2.587,0.133
3/31/2026,21:47,2.791,0.053
3/31/2026,21:48,2.608,0.163
3/31/2026,21:49,2.421,0.145
3/31/2026,21:50,2.352,0.115
3/31/2026,21:51,2.421,0.072
3/31/2026,21:52,2.399,0.051
3/31/2026,21:53,2.254,0.098
3/31/2026,21:54,2.216,0.138
3/31/2026,21:55,2.118,0.032
3/31/2026,21:56,1.987,0.138
3/31/2026,21:57,1.74,0.045
3/31/2026,21:58,1.917,0.1
3/31/2026,21:59,2.137,0.101
3/31/2026,22:00,1.968,0.054
3/31/2026,22:01,1.969,0.076
3/31/2026,22:02,1.901,0.048
3/31/2026,22:03,1.924,0.078
3/31/2026,22:04,2.079,0.039
3/31/2026,22:05,2.011,0.101
3/31/2026,22:06,2.2,0.114
3/31/2026,22:07,2.074,0.151
3/31/2026,22:08,2.006,0.074
3/31/2026,22:09,2.008,0.097
3/31/2026,22:10,1.919,0.056
3/31/2026,22:11,1.823,0.107
3/31/2026,22:12,1.783,0.081
3/31/2026,22:13,1.606,0.1
3/31/2026,22:14,1.541,0.09
3/31/2026,22:15,1.627,0.155
3/31/2026,22:16,1.762,0.148
3/31/2026,22:17,1.934,0.059
3/31/2026,22:18,1.766,0.11
3/31/2026,22:19,1.89,0.161
3/31/2026,22:20,1.958,0.107
3/31/2026,22:21,1.984,0.095
3/31/2026,22:22,2.009,0.154
3/31/2026,22:23,1.964,0.108
3/31/2026,22:24,1.924,0.07
3/31/2026,22:25,1.86,0.106
3/31/2026,22:26,1.734,0.086
3/31/2026,22:27,1.814,0.122
3/31/2026,22:28,1.832,0.117
3/31/2026,22:29,1.744,0.107
3/31/2026,22:30,1.791,0.086
3/31/2026,22:31,1.825,0.194
3/31/2026,22:32,2.205,0.057
3/31/2026,22:33,2.337,0.142
3/31/2026,22:34,2.537,0.119
3/31/2026,22:35,2.452,0.094
3/31/2026,22:36,2.228,0.149
3/31/2026,22:37,2.108,0.112
3/31/2026,22:38,2.106,0.095
3/31/2026,22:39,2.028,0.086
3/31/2026,22:40,2.006,0.083
3/31/2026,22:41,2.16,0.088
3/31/2026,22:42,2.228,0.063
3/31/2026,22:43,2.201,0.074
3/31/2026,22:44,2.347,0.126
3/31/2026,22:45,2.425,0.098
3/31/2026,22:46,2.499,0.187
3/31/2026,22:47,2.457,0.09
3/31/2026,22:48,2.625,0.083
3/31/2026,22:49,2.734,0.102
3/31/2026,22:50,2.885,0.084
3/31/2026,22:51,2.878,0.143
3/31/2026,22:52,2.791,0.127
3/31/2026,22:53,2.69,0.125
3/31/2026,22:54,3.003,0.162
3/31/2026,22:55,2.994,0.208
3/31/2026,22:56,2.827,0.086
3/31/2026,22:57,2.767,0.209
3/31/2026,22:58,2.572,0.093
3/31/2026,22:59,2.459,0.172
3/31/2026,23:00,2.566,0.183
3/31/2026,23:01,2.896,0.247
3/31/2026,23:02,2.972,0.097
3/31/2026,23:03,2.839,0.152
3/31/2026,23:04,2.871,0.143
3/31/2026,23:05,2.926,0.174
3/31/2026,23:06,2.951,0.1
3/31/2026,23:07,2.955,0.141
3/31/2026,23:08,3.102,0.192
3/31/2026,23:09,3.283,0.143
3/31/2026,23:10,3.102,0.196
3/31/2026,23:11,3.323,0.188
3/31/2026,23:12,3.242,0.08
3/31/2026,23:13,3.12,0.173
3/31/2026,23:14,3.207,0.098
3/31/2026,23:15,3.106,0.126
3/31/2026,23:16,2.95,0.138
3/31/2026,23:17,2.737,0.235
3/31/2026,23:18,3.066,0.194
3/31/2026,23:19,3.208,0.17
3/31/2026,23:20,3.688,0.376
3/31/2026,23:21,3.567,0.213
3/31/2026,23:22,3.47,0.175
3/31/2026,23:23,3.338,0.266
3/31/2026,23:24,3.58,0.216
3/31/2026,23:25,3.308,0.244
3/31/2026,23:26,3.553,0.144
3/31/2026,23:27,3.42,0.193
3/31/2026,23:28,3.31,0.234
3/31/2026,23:29,3.616,0.092
3/31/2026,23:30,3.363,0.292
3/31/2026,23:31,3.407,0.194
3/31/2026,23:32,3.602,0.134
3/31/2026,23:33,3.982,0.169
3/31/2026,23:34,3.696,0.24
3/31/2026,23:35,3.637,0.19
3/31/2026,23:36,3.924,0.339
3/31/2026,23:37,3.791,0.256
3/31/2026,23:38,3.898,0.111
3/31/2026,23:39,3.628,0.211
3/31/2026,23:40,3.178,0.122
3/31/2026,23:41,3.505,0.079
3/31/2026,23:42,3.598,0.086
3/31/2026,23:43,3.574,0.088
3/31/2026,23:44,3.823,0.142
3/31/2026,23:45,3.45,0.129
3/31/2026,23:46,3.335,0.123
3/31/2026,23:47,3.326,0.107
3/31/2026,23:48,3.473,0.149
3/31/2026,23:49,3.301,0.165
3/31/2026,23:50,2.932,0.137
3/31/2026,23:51,2.924,0.102
3/31/2026,23:52,2.681,0.173
3/31/2026,23:53,2.661,0.207
3/31/2026,23:54,2.973,0.154
3/31/2026,23:55,2.931,0.19
3/31/2026,23:56,2.999,0.098
3/31/2026,23:57,2.783,0.153
3/31/2026,23:58,2.508,0.079
3/31/2026,23:59,2.539,0.128